GROUP,PACKAGE,CLASS,INSTRUCTION_MISSED,INSTRUCTION_COVERED,BRANCH_MISSED,BRANCH_COVERED,LINE_MISSED,LINE_COVERED,COMPLEXITY_MISSED,COMPLEXITY_COVERED,METHOD_MISSED,METHOD_COVERED
pmt,fr.app.pmt.controllers,taskController,18,3,2,0,5,1,4,1,3,1
pmt,fr.app.pmt.controllers,projetController,70,3,8,0,19,1,10,1,6,1
pmt,fr.app.pmt.controllers,histroryController,46,3,4,0,14,1,7,1,5,1
pmt,fr.app.pmt.controllers,userController,64,3,8,0,18,1,10,1,6,1
pmt,fr.app.pmt.services.impl,ProjetServiceImpl,41,68,8,8,10,19,10,5,2,5
pmt,fr.app.pmt.services.impl,HistoryServiceImpl,11,37,1,1,2,9,2,4,1,4
pmt,fr.app.pmt.services.impl,TaskServiceImpl,11,31,1,1,2,7,2,3,1,3
pmt,fr.app.pmt.services.impl,UserServiceImpl,33,62,6,6,8,17,8,5,2,5
pmt,fr.app.pmt,PmtApplication,5,3,0,0,2,1,1,1,1,1
pmt,fr.app.pmt.models,Users,7,38,0,0,3,16,2,11,2,11
pmt,fr.app.pmt.models,Tasks,6,18,0,0,2,8,2,5,2,5
pmt,fr.app.pmt.models,Projets,0,59,0,0,0,25,0,17,0,17
pmt,fr.app.pmt.models,History,9,29,0,0,3,13,3,8,3,8
pmt,fr.app.pmt.exeption,EntityDontExistExeption,3,0,0,0,1,0,1,0,1,0
